{
  "topology_id": 3,
  "netlist": "differential1",
  "simulation_id": 1,
  "sizing": {
    "MM1": {
      "l": 1.0320458045514508e-08,
      "nfin": 4.0
    },
    "MM0": {
      "l": 1.0320458045514508e-08,
      "nfin": 4.0
    },
    "MM9": {
      "l": 2.2597911397729558e-08,
      "nfin": 7.0
    },
    "MM8": {
      "l": 2.2597911397729558e-08,
      "nfin": 7.0
    },
    "MM12": {
      "l": 2.0967341809616512e-08,
      "nfin": 13.0
    },
    "MM11": {
      "l": 2.0967341809616512e-08,
      "nfin": 13.0
    },
    "MM10": {
      "l": 2.941474839310978e-08,
      "nfin": 18.0
    },
    "MM4": {
      "l": 2.941474839310978e-08,
      "nfin": 18.0
    },
    "MM14": {
      "l": 2.7983281284194195e-08,
      "nfin": 7.0
    },
    "MM13": {
      "l": 2.7983281284194195e-08,
      "nfin": 7.0
    },
    "MM3": {
      "l": 2.0302367276856507e-08,
      "nfin": 20.0
    },
    "MM2": {
      "l": 2.0302367276856507e-08,
      "nfin": 20.0
    },
    "MM5": {
      "l": 2.9769025570462775e-08,
      "nfin": 7.0
    },
    "MM7": {
      "l": 2.0619899179057398e-08,
      "nfin": 7.0
    },
    "MM6": {
      "l": 2.0619899179057398e-08,
      "nfin": 7.0
    }
  },
  "bias": {
    "vbiasp0": 0.5266047689033391,
    "vbiasp1": 0.21283748080001255,
    "vbiasp2": 0.05134652653601274,
    "vbiasn1": 0.20134968185276653,
    "vbiasn2": 0.5346746366489564
  },
  "env": {
    "vdd": 1.0,
    "vcm": 0.5,
    "tempc": 27.0,
    "fet_num": 7
  }
}