{
  "topology_id": 3,
  "netlist": "differential1",
  "simulation_id": 2,
  "sizing": {
    "MM1": {
      "l": 2.298537236633209e-08,
      "nfin": 5.0
    },
    "MM0": {
      "l": 2.298537236633209e-08,
      "nfin": 5.0
    },
    "MM9": {
      "l": 1.0611151433012302e-08,
      "nfin": 3.0
    },
    "MM8": {
      "l": 1.0611151433012302e-08,
      "nfin": 3.0
    },
    "MM12": {
      "l": 2.216413596140609e-08,
      "nfin": 2.0
    },
    "MM11": {
      "l": 2.216413596140609e-08,
      "nfin": 2.0
    },
    "MM10": {
      "l": 1.8165449429649566e-08,
      "nfin": 13.0
    },
    "MM4": {
      "l": 1.8165449429649566e-08,
      "nfin": 13.0
    },
    "MM14": {
      "l": 1.4877687163393687e-08,
      "nfin": 2.0
    },
    "MM13": {
      "l": 1.4877687163393687e-08,
      "nfin": 2.0
    },
    "MM3": {
      "l": 1.3261125505676809e-08,
      "nfin": 17.0
    },
    "MM2": {
      "l": 1.3261125505676809e-08,
      "nfin": 17.0
    },
    "MM5": {
      "l": 2.878591417276345e-08,
      "nfin": 2.0
    },
    "MM7": {
      "l": 1.0928739867160832e-08,
      "nfin": 18.0
    },
    "MM6": {
      "l": 1.0928739867160832e-08,
      "nfin": 18.0
    }
  },
  "bias": {
    "vbiasp0": 0.5865007108124781,
    "vbiasp1": 0.7161265386914619,
    "vbiasp2": 0.3151077435234737,
    "vbiasn1": 0.6057022733198036,
    "vbiasn2": 0.19830304277846755
  },
  "env": {
    "vdd": 1.0,
    "vcm": 0.5,
    "tempc": 27.0,
    "fet_num": 7
  }
}