{
  "topology_id": 3,
  "netlist": "differential1",
  "simulation_id": 0,
  "sizing": {
    "MM1": {
      "l": 1.7272297692641925e-08,
      "nfin": 8.0
    },
    "MM0": {
      "l": 1.7272297692641925e-08,
      "nfin": 8.0
    },
    "MM9": {
      "l": 2.5920806711143166e-08,
      "nfin": 5.0
    },
    "MM8": {
      "l": 2.5920806711143166e-08,
      "nfin": 5.0
    },
    "MM12": {
      "l": 1.520457106751114e-08,
      "nfin": 17.0
    },
    "MM11": {
      "l": 1.520457106751114e-08,
      "nfin": 17.0
    },
    "MM10": {
      "l": 1.1451011615592952e-08,
      "nfin": 16.0
    },
    "MM4": {
      "l": 1.1451011615592952e-08,
      "nfin": 16.0
    },
    "MM14": {
      "l": 1.2796574374978652e-08,
      "nfin": 13.0
    },
    "MM13": {
      "l": 1.2796574374978652e-08,
      "nfin": 13.0
    },
    "MM3": {
      "l": 1.1088277804241164e-08,
      "nfin": 7.0
    },
    "MM2": {
      "l": 1.1088277804241164e-08,
      "nfin": 7.0
    },
    "MM5": {
      "l": 2.336330185318513e-08,
      "nfin": 3.0
    },
    "MM7": {
      "l": 1.6769310011523217e-08,
      "nfin": 6.0
    },
    "MM6": {
      "l": 1.6769310011523217e-08,
      "nfin": 6.0
    }
  },
  "bias": {
    "vbiasp0": 0.42838568718846254,
    "vbiasp1": 0.31034086910026193,
    "vbiasp2": 0.1340525645794293,
    "vbiasn1": 0.18606095744176837,
    "vbiasn2": 0.3910083339828394
  },
  "env": {
    "vdd": 1.0,
    "vcm": 0.5,
    "tempc": 27.0,
    "fet_num": 7
  }
}