{
  "topology_id": 2,
  "netlist": "single_ended2",
  "simulation_id": 8,
  "sizing": {
    "MM3": {
      "l": 2.816318104294638e-08,
      "nfin": 3.0
    },
    "MM0": {
      "l": 2.816318104294638e-08,
      "nfin": 3.0
    },
    "MM4": {
      "l": 1.7224852645967727e-08,
      "nfin": 6.0
    },
    "MM6": {
      "l": 1.939150388488541e-08,
      "nfin": 18.0
    },
    "MM5": {
      "l": 1.939150388488541e-08,
      "nfin": 18.0
    },
    "MM1": {
      "l": 2.6680707299355875e-08,
      "nfin": 4.0
    },
    "MM2": {
      "l": 2.6680707299355875e-08,
      "nfin": 4.0
    }
  },
  "bias": {
    "vbiasn0": 0.7359401276494382,
    "vbiasp2": 0.5221589174843422
  },
  "env": {
    "vdd": 1.0,
    "vcm": 0.5,
    "tempc": 27.0,
    "fet_num": 7
  }
}