{
  "topology_id": 2,
  "netlist": "single_ended2",
  "simulation_id": 5,
  "sizing": {
    "MM3": {
      "l": 1.5223858542343065e-08,
      "nfin": 15.0
    },
    "MM0": {
      "l": 1.5223858542343065e-08,
      "nfin": 15.0
    },
    "MM4": {
      "l": 2.1376646744612244e-08,
      "nfin": 5.0
    },
    "MM6": {
      "l": 2.3288225829534387e-08,
      "nfin": 4.0
    },
    "MM5": {
      "l": 2.3288225829534387e-08,
      "nfin": 4.0
    },
    "MM1": {
      "l": 1.2432923922022941e-08,
      "nfin": 17.0
    },
    "MM2": {
      "l": 1.2432923922022941e-08,
      "nfin": 17.0
    }
  },
  "bias": {
    "vbiasn0": 0.6150296399265641,
    "vbiasp2": 0.1004279107438652
  },
  "env": {
    "vdd": 1.0,
    "vcm": 0.5,
    "tempc": 27.0,
    "fet_num": 7
  }
}