{
  "topology_id": 2,
  "netlist": "single_ended2",
  "simulation_id": 6,
  "sizing": {
    "MM3": {
      "l": 1.9569658003355785e-08,
      "nfin": 18.0
    },
    "MM0": {
      "l": 1.9569658003355785e-08,
      "nfin": 18.0
    },
    "MM4": {
      "l": 1.6672533904443993e-08,
      "nfin": 9.0
    },
    "MM6": {
      "l": 1.3501311310145462e-08,
      "nfin": 3.0
    },
    "MM5": {
      "l": 1.3501311310145462e-08,
      "nfin": 3.0
    },
    "MM1": {
      "l": 1.984148439113207e-08,
      "nfin": 12.0
    },
    "MM2": {
      "l": 1.984148439113207e-08,
      "nfin": 12.0
    }
  },
  "bias": {
    "vbiasn0": 0.7005365437390223,
    "vbiasp2": 0.4210785832088477
  },
  "env": {
    "vdd": 1.0,
    "vcm": 0.5,
    "tempc": 27.0,
    "fet_num": 7
  }
}