{
  "topology_id": 2,
  "netlist": "single_ended2",
  "simulation_id": 0,
  "sizing": {
    "MM3": {
      "l": 1.612210246571507e-08,
      "nfin": 6.0
    },
    "MM0": {
      "l": 1.612210246571507e-08,
      "nfin": 6.0
    },
    "MM4": {
      "l": 1.1721201580252731e-08,
      "nfin": 7.0
    },
    "MM6": {
      "l": 1.2137803971832935e-08,
      "nfin": 13.0
    },
    "MM5": {
      "l": 1.2137803971832935e-08,
      "nfin": 13.0
    },
    "MM1": {
      "l": 2.383626670273194e-08,
      "nfin": 3.0
    },
    "MM2": {
      "l": 2.383626670273194e-08,
      "nfin": 3.0
    }
  },
  "bias": {
    "vbiasn0": 0.3166139992434316,
    "vbiasp2": 0.26485298507316474
  },
  "env": {
    "vdd": 1.0,
    "vcm": 0.5,
    "tempc": 27.0,
    "fet_num": 7
  }
}