{
  "topology_id": 2,
  "netlist": "single_ended2",
  "simulation_id": 4,
  "sizing": {
    "MM3": {
      "l": 2.131794273128286e-08,
      "nfin": 17.0
    },
    "MM0": {
      "l": 2.131794273128286e-08,
      "nfin": 17.0
    },
    "MM4": {
      "l": 1.0754220979489568e-08,
      "nfin": 3.0
    },
    "MM6": {
      "l": 2.9856647141685104e-08,
      "nfin": 16.0
    },
    "MM5": {
      "l": 2.9856647141685104e-08,
      "nfin": 16.0
    },
    "MM1": {
      "l": 1.512307545346336e-08,
      "nfin": 14.0
    },
    "MM2": {
      "l": 1.512307545346336e-08,
      "nfin": 14.0
    }
  },
  "bias": {
    "vbiasn0": 0.39434965948380296,
    "vbiasp2": 0.6312850447203827
  },
  "env": {
    "vdd": 1.0,
    "vcm": 0.5,
    "tempc": 27.0,
    "fet_num": 7
  }
}