{
  "topology_id": 2,
  "netlist": "single_ended2",
  "simulation_id": 3,
  "sizing": {
    "MM3": {
      "l": 1.3290355822464599e-08,
      "nfin": 20.0
    },
    "MM0": {
      "l": 1.3290355822464599e-08,
      "nfin": 20.0
    },
    "MM4": {
      "l": 1.9478993157890223e-08,
      "nfin": 15.0
    },
    "MM6": {
      "l": 2.0011328018313602e-08,
      "nfin": 2.0
    },
    "MM5": {
      "l": 2.0011328018313602e-08,
      "nfin": 2.0
    },
    "MM1": {
      "l": 1.6314813836564948e-08,
      "nfin": 16.0
    },
    "MM2": {
      "l": 1.6314813836564948e-08,
      "nfin": 16.0
    }
  },
  "bias": {
    "vbiasn0": 0.45799631376680505,
    "vbiasp2": 0.201756987190317
  },
  "env": {
    "vdd": 1.0,
    "vcm": 0.5,
    "tempc": 27.0,
    "fet_num": 7
  }
}