{
  "topology_id": 2,
  "netlist": "single_ended2",
  "simulation_id": 7,
  "sizing": {
    "MM3": {
      "l": 2.99129158505481e-08,
      "nfin": 13.0
    },
    "MM0": {
      "l": 2.99129158505481e-08,
      "nfin": 13.0
    },
    "MM4": {
      "l": 1.220663858323985e-08,
      "nfin": 5.0
    },
    "MM6": {
      "l": 2.8105550127958467e-08,
      "nfin": 20.0
    },
    "MM5": {
      "l": 2.8105550127958467e-08,
      "nfin": 20.0
    },
    "MM1": {
      "l": 1.3429678372545194e-08,
      "nfin": 5.0
    },
    "MM2": {
      "l": 1.3429678372545194e-08,
      "nfin": 5.0
    }
  },
  "bias": {
    "vbiasn0": 0.2382103967324528,
    "vbiasp2": 0.5949015776589505
  },
  "env": {
    "vdd": 1.0,
    "vcm": 0.5,
    "tempc": 27.0,
    "fet_num": 7
  }
}