{
  "topology_id": 2,
  "netlist": "single_ended2",
  "simulation_id": 9,
  "sizing": {
    "MM3": {
      "l": 1.1383804749293408e-08,
      "nfin": 12.0
    },
    "MM0": {
      "l": 1.1383804749293408e-08,
      "nfin": 12.0
    },
    "MM4": {
      "l": 2.259743992610433e-08,
      "nfin": 10.0
    },
    "MM6": {
      "l": 2.5551584068460726e-08,
      "nfin": 8.0
    },
    "MM5": {
      "l": 2.5551584068460726e-08,
      "nfin": 8.0
    },
    "MM1": {
      "l": 2.2095262099404866e-08,
      "nfin": 11.0
    },
    "MM2": {
      "l": 2.2095262099404866e-08,
      "nfin": 11.0
    }
  },
  "bias": {
    "vbiasn0": 0.17117079734614726,
    "vbiasp2": 0.30533320173361633
  },
  "env": {
    "vdd": 1.0,
    "vcm": 0.5,
    "tempc": 27.0,
    "fet_num": 7
  }
}