{
  "topology_id": 2,
  "netlist": "single_ended2",
  "simulation_id": 1,
  "sizing": {
    "MM3": {
      "l": 2.050842645365574e-08,
      "nfin": 7.0
    },
    "MM0": {
      "l": 2.050842645365574e-08,
      "nfin": 7.0
    },
    "MM4": {
      "l": 2.0269768922083896e-08,
      "nfin": 19.0
    },
    "MM6": {
      "l": 2.749048229244161e-08,
      "nfin": 8.0
    },
    "MM5": {
      "l": 2.749048229244161e-08,
      "nfin": 8.0
    },
    "MM1": {
      "l": 2.999223737632233e-08,
      "nfin": 8.0
    },
    "MM2": {
      "l": 2.999223737632233e-08,
      "nfin": 8.0
    }
  },
  "bias": {
    "vbiasn0": 0.0026017228873073035,
    "vbiasp2": 0.15572056638282736
  },
  "env": {
    "vdd": 1.0,
    "vcm": 0.5,
    "tempc": 27.0,
    "fet_num": 7
  }
}