{
  "topology_id": 2,
  "netlist": "single_ended2",
  "simulation_id": 2,
  "sizing": {
    "MM3": {
      "l": 1.0133524669267943e-08,
      "nfin": 18.0
    },
    "MM0": {
      "l": 1.0133524669267943e-08,
      "nfin": 18.0
    },
    "MM4": {
      "l": 1.3184602601068619e-08,
      "nfin": 17.0
    },
    "MM6": {
      "l": 1.4289282342254404e-08,
      "nfin": 2.0
    },
    "MM5": {
      "l": 1.4289282342254404e-08,
      "nfin": 2.0
    },
    "MM1": {
      "l": 2.8530036604974783e-08,
      "nfin": 3.0
    },
    "MM2": {
      "l": 2.8530036604974783e-08,
      "nfin": 3.0
    }
  },
  "bias": {
    "vbiasn0": 0.48667679551144305,
    "vbiasp2": 0.1702852858953447
  },
  "env": {
    "vdd": 1.0,
    "vcm": 0.5,
    "tempc": 27.0,
    "fet_num": 7
  }
}