{
  "topology_id": 1,
  "netlist": "single_ended1",
  "simulation_id": 3,
  "sizing": {
    "MM3": {
      "l": 1.3681775348408288e-08,
      "nfin": 20.0
    },
    "MM0": {
      "l": 1.3681775348408288e-08,
      "nfin": 20.0
    },
    "MM4": {
      "l": 1.9600870866257564e-08,
      "nfin": 15.0
    },
    "MM6": {
      "l": 2.0505992568971495e-08,
      "nfin": 2.0
    },
    "MM5": {
      "l": 2.0505992568971495e-08,
      "nfin": 2.0
    },
    "MM1": {
      "l": 1.6798848905153895e-08,
      "nfin": 16.0
    },
    "MM2": {
      "l": 1.6798848905153895e-08,
      "nfin": 16.0
    }
  },
  "bias": {
    "vbiasn0": 0.46277626607821126
  },
  "env": {
    "vdd": 1.0,
    "vcm": 0.5,
    "tempc": 27.0,
    "fet_num": 7
  }
}