{
  "topology_id": 1,
  "netlist": "single_ended1",
  "simulation_id": 4,
  "sizing": {
    "MM3": {
      "l": 2.174109468719554e-08,
      "nfin": 17.0
    },
    "MM0": {
      "l": 2.174109468719554e-08,
      "nfin": 17.0
    },
    "MM4": {
      "l": 1.0698320425682804e-08,
      "nfin": 4.0
    },
    "MM6": {
      "l": 2.972790455538957e-08,
      "nfin": 17.0
    },
    "MM5": {
      "l": 2.972790455538957e-08,
      "nfin": 17.0
    },
    "MM1": {
      "l": 1.5876549100775258e-08,
      "nfin": 14.0
    },
    "MM2": {
      "l": 1.5876549100775258e-08,
      "nfin": 14.0
    }
  },
  "bias": {
    "vbiasn0": 0.3638664803675211
  },
  "env": {
    "vdd": 1.0,
    "vcm": 0.5,
    "tempc": 27.0,
    "fet_num": 7
  }
}