{
  "topology_id": 1,
  "netlist": "single_ended1",
  "simulation_id": 6,
  "sizing": {
    "MM3": {
      "l": 1.9653892606824075e-08,
      "nfin": 18.0
    },
    "MM0": {
      "l": 1.9653892606824075e-08,
      "nfin": 18.0
    },
    "MM4": {
      "l": 1.6026899700635213e-08,
      "nfin": 9.0
    },
    "MM6": {
      "l": 1.327702434500184e-08,
      "nfin": 4.0
    },
    "MM5": {
      "l": 1.327702434500184e-08,
      "nfin": 4.0
    },
    "MM1": {
      "l": 1.9054669112829836e-08,
      "nfin": 12.0
    },
    "MM2": {
      "l": 1.9054669112829836e-08,
      "nfin": 12.0
    }
  },
  "bias": {
    "vbiasn0": 0.7094568756070411
  },
  "env": {
    "vdd": 1.0,
    "vcm": 0.5,
    "tempc": 27.0,
    "fet_num": 7
  }
}