{
  "topology_id": 1,
  "netlist": "single_ended1",
  "simulation_id": 1,
  "sizing": {
    "MM3": {
      "l": 2.0287446542893755e-08,
      "nfin": 8.0
    },
    "MM0": {
      "l": 2.0287446542893755e-08,
      "nfin": 8.0
    },
    "MM4": {
      "l": 2.051611633635125e-08,
      "nfin": 20.0
    },
    "MM6": {
      "l": 2.7651256388561256e-08,
      "nfin": 7.0
    },
    "MM5": {
      "l": 2.7651256388561256e-08,
      "nfin": 7.0
    },
    "MM1": {
      "l": 2.9433131159261628e-08,
      "nfin": 7.0
    },
    "MM2": {
      "l": 2.9433131159261628e-08,
      "nfin": 7.0
    }
  },
  "bias": {
    "vbiasn0": 0.011587104118228428
  },
  "env": {
    "vdd": 0.9,
    "vcm": 0.45,
    "tempc": 27.0,
    "fet_num": 7
  }
}