{
  "topology_id": 1,
  "netlist": "single_ended1",
  "simulation_id": 11,
  "sizing": {
    "MM3": {
      "l": 2.6832037541206954e-08,
      "nfin": 5.0
    },
    "MM0": {
      "l": 2.6832037541206954e-08,
      "nfin": 5.0
    },
    "MM4": {
      "l": 2.6878640768533252e-08,
      "nfin": 18.0
    },
    "MM6": {
      "l": 2.2815187002707296e-08,
      "nfin": 9.0
    },
    "MM5": {
      "l": 2.2815187002707296e-08,
      "nfin": 9.0
    },
    "MM1": {
      "l": 2.4992196681974862e-08,
      "nfin": 8.0
    },
    "MM2": {
      "l": 2.4992196681974862e-08,
      "nfin": 8.0
    }
  },
  "bias": {
    "vbiasn0": 0.1473645450465202
  },
  "env": {
    "vdd": 1.0,
    "vcm": 0.5,
    "tempc": 27.0,
    "fet_num": 7
  }
}