{
  "topology_id": 1,
  "netlist": "single_ended1",
  "simulation_id": 5,
  "sizing": {
    "MM3": {
      "l": 1.5617590198594e-08,
      "nfin": 16.0
    },
    "MM0": {
      "l": 1.5617590198594e-08,
      "nfin": 16.0
    },
    "MM4": {
      "l": 2.1601876545540937e-08,
      "nfin": 4.0
    },
    "MM6": {
      "l": 2.3067479126239777e-08,
      "nfin": 5.0
    },
    "MM5": {
      "l": 2.3067479126239777e-08,
      "nfin": 5.0
    },
    "MM1": {
      "l": 1.2197838182112678e-08,
      "nfin": 18.0
    },
    "MM2": {
      "l": 1.2197838182112678e-08,
      "nfin": 18.0
    }
  },
  "bias": {
    "vbiasn0": 0.6332568125277483
  },
  "env": {
    "vdd": 1.0,
    "vcm": 0.5,
    "tempc": 27.0,
    "fet_num": 7
  }
}