{
  "topology_id": 1,
  "netlist": "single_ended1",
  "simulation_id": 14,
  "sizing": {
    "MM3": {
      "l": 2.5705287119446753e-08,
      "nfin": 2.0
    },
    "MM0": {
      "l": 2.5705287119446753e-08,
      "nfin": 2.0
    },
    "MM4": {
      "l": 1.578819208042343e-08,
      "nfin": 11.0
    },
    "MM6": {
      "l": 1.0461352833794433e-08,
      "nfin": 18.0
    },
    "MM5": {
      "l": 1.0461352833794433e-08,
      "nfin": 18.0
    },
    "MM1": {
      "l": 2.5279303882099435e-08,
      "nfin": 13.0
    },
    "MM2": {
      "l": 2.5279303882099435e-08,
      "nfin": 13.0
    }
  },
  "bias": {
    "vbiasn0": 0.5618999487171852
  },
  "env": {
    "vdd": 1.0,
    "vcm": 0.5,
    "tempc": 27.0,
    "fet_num": 7
  }
}