{
  "topology_id": 1,
  "netlist": "single_ended1",
  "simulation_id": 15,
  "sizing": {
    "MM3": {
      "l": 2.2656501865978036e-08,
      "nfin": 5.0
    },
    "MM0": {
      "l": 2.2656501865978036e-08,
      "nfin": 5.0
    },
    "MM4": {
      "l": 2.4425383418217728e-08,
      "nfin": 12.0
    },
    "MM6": {
      "l": 2.434436422676576e-08,
      "nfin": 12.0
    },
    "MM5": {
      "l": 2.434436422676576e-08,
      "nfin": 12.0
    },
    "MM1": {
      "l": 2.7857375976842533e-08,
      "nfin": 7.0
    },
    "MM2": {
      "l": 2.7857375976842533e-08,
      "nfin": 7.0
    }
  },
  "bias": {
    "vbiasn0": 0.05462227523968541
  },
  "env": {
    "vdd": 1.0,
    "vcm": 0.5,
    "tempc": 27.0,
    "fet_num": 7
  }
}