{
  "topology_id": 1,
  "netlist": "single_ended1",
  "simulation_id": 2,
  "sizing": {
    "MM3": {
      "l": 1.0531531285992958e-08,
      "nfin": 19.0
    },
    "MM0": {
      "l": 1.0531531285992958e-08,
      "nfin": 19.0
    },
    "MM4": {
      "l": 1.3008792657773842e-08,
      "nfin": 17.0
    },
    "MM6": {
      "l": 1.4842732522979284e-08,
      "nfin": 2.0
    },
    "MM5": {
      "l": 1.4842732522979284e-08,
      "nfin": 2.0
    },
    "MM1": {
      "l": 2.8786177691976162e-08,
      "nfin": 3.0
    },
    "MM2": {
      "l": 2.8786177691976162e-08,
      "nfin": 3.0
    }
  },
  "bias": {
    "vbiasn0": 0.4985908306392335
  },
  "env": {
    "vdd": 1.0,
    "vcm": 0.5,
    "tempc": 27.0,
    "fet_num": 7
  }
}