{
  "topology_id": 1,
  "netlist": "single_ended1",
  "simulation_id": 10,
  "sizing": {
    "MM3": {
      "l": 2.7364695053457013e-08,
      "nfin": 9.0
    },
    "MM0": {
      "l": 2.7364695053457013e-08,
      "nfin": 9.0
    },
    "MM4": {
      "l": 1.8933753588341197e-08,
      "nfin": 1.0
    },
    "MM6": {
      "l": 2.6885210848395072e-08,
      "nfin": 11.0
    },
    "MM5": {
      "l": 2.6885210848395072e-08,
      "nfin": 11.0
    },
    "MM1": {
      "l": 1.1836933780254177e-08,
      "nfin": 17.0
    },
    "MM2": {
      "l": 1.1836933780254177e-08,
      "nfin": 17.0
    }
  },
  "bias": {
    "vbiasn0": 0.09106306980886758
  },
  "env": {
    "vdd": 1.0,
    "vcm": 0.5,
    "tempc": 27.0,
    "fet_num": 7
  }
}