{
  "topology_id": 1,
  "netlist": "single_ended1",
  "simulation_id": 0,
  "sizing": {
    "MM3": {
      "l": 1.6477128536592914e-08,
      "nfin": 6.0
    },
    "MM0": {
      "l": 1.6477128536592914e-08,
      "nfin": 6.0
    },
    "MM4": {
      "l": 1.1165437887649232e-08,
      "nfin": 7.0
    },
    "MM6": {
      "l": 1.2277647726829917e-08,
      "nfin": 13.0
    },
    "MM5": {
      "l": 1.2277647726829917e-08,
      "nfin": 13.0
    },
    "MM1": {
      "l": 2.389047779335085e-08,
      "nfin": 4.0
    },
    "MM2": {
      "l": 2.389047779335085e-08,
      "nfin": 4.0
    }
  },
  "bias": {
    "vbiasn0": 0.30507557924538514
  },
  "env": {
    "vdd": 0.9,
    "vcm": 0.45,
    "tempc": 27.0,
    "fet_num": 7
  }
}