{
  "topology_id": 1,
  "netlist": "single_ended1",
  "simulation_id": 12,
  "sizing": {
    "MM3": {
      "l": 1.7498211636547424e-08,
      "nfin": 15.0
    },
    "MM0": {
      "l": 1.7498211636547424e-08,
      "nfin": 15.0
    },
    "MM4": {
      "l": 2.7469795353717737e-08,
      "nfin": 8.0
    },
    "MM6": {
      "l": 1.754663172256233e-08,
      "nfin": 14.0
    },
    "MM5": {
      "l": 1.754663172256233e-08,
      "nfin": 14.0
    },
    "MM1": {
      "l": 1.0993707907448188e-08,
      "nfin": 10.0
    },
    "MM2": {
      "l": 1.0993707907448188e-08,
      "nfin": 10.0
    }
  },
  "bias": {
    "vbiasn0": 0.555778736868124
  },
  "env": {
    "vdd": 1.0,
    "vcm": 0.5,
    "tempc": 27.0,
    "fet_num": 7
  }
}