{
  "topology_id": 1,
  "netlist": "single_ended1",
  "simulation_id": 8,
  "sizing": {
    "MM3": {
      "l": 2.821076839596974e-08,
      "nfin": 4.0
    },
    "MM0": {
      "l": 2.821076839596974e-08,
      "nfin": 4.0
    },
    "MM4": {
      "l": 1.7090038079848123e-08,
      "nfin": 6.0
    },
    "MM6": {
      "l": 1.994743033405004e-08,
      "nfin": 17.0
    },
    "MM5": {
      "l": 1.994743033405004e-08,
      "nfin": 17.0
    },
    "MM1": {
      "l": 2.665744206561513e-08,
      "nfin": 5.0
    },
    "MM2": {
      "l": 2.665744206561513e-08,
      "nfin": 5.0
    }
  },
  "bias": {
    "vbiasn0": 0.7227370954280841
  },
  "env": {
    "vdd": 1.0,
    "vcm": 0.5,
    "tempc": 27.0,
    "fet_num": 7
  }
}