{
  "topology_id": 1,
  "netlist": "single_ended1",
  "simulation_id": 13,
  "sizing": {
    "MM3": {
      "l": 1.2153240101126893e-08,
      "nfin": 14.0
    },
    "MM0": {
      "l": 1.2153240101126893e-08,
      "nfin": 14.0
    },
    "MM4": {
      "l": 2.9188157321772478e-08,
      "nfin": 2.0
    },
    "MM6": {
      "l": 1.8154301940783022e-08,
      "nfin": 7.0
    },
    "MM5": {
      "l": 1.8154301940783022e-08,
      "nfin": 7.0
    },
    "MM1": {
      "l": 1.7256575538335668e-08,
      "nfin": 2.0
    },
    "MM2": {
      "l": 1.7256575538335668e-08,
      "nfin": 2.0
    }
  },
  "bias": {
    "vbiasn0": 0.773914437099104
  },
  "env": {
    "vdd": 1.0,
    "vcm": 0.5,
    "tempc": 27.0,
    "fet_num": 7
  }
}