{
  "topology_id": 1,
  "netlist": "single_ended1",
  "simulation_id": 7,
  "sizing": {
    "MM3": {
      "l": 2.9099997646054186e-08,
      "nfin": 13.0
    },
    "MM0": {
      "l": 2.9099997646054186e-08,
      "nfin": 13.0
    },
    "MM4": {
      "l": 1.2568704062878032e-08,
      "nfin": 6.0
    },
    "MM6": {
      "l": 2.8317251863901663e-08,
      "nfin": 19.0
    },
    "MM5": {
      "l": 2.8317251863901663e-08,
      "nfin": 19.0
    },
    "MM1": {
      "l": 1.3416796604456199e-08,
      "nfin": 6.0
    },
    "MM2": {
      "l": 1.3416796604456199e-08,
      "nfin": 6.0
    }
  },
  "bias": {
    "vbiasn0": 0.20335541648653865
  },
  "env": {
    "vdd": 1.0,
    "vcm": 0.5,
    "tempc": 27.0,
    "fet_num": 7
  }
}