{
  "topology_id": 1,
  "netlist": "single_ended1",
  "simulation_id": 9,
  "sizing": {
    "MM3": {
      "l": 1.180903015912685e-08,
      "nfin": 12.0
    },
    "MM0": {
      "l": 1.180903015912685e-08,
      "nfin": 12.0
    },
    "MM4": {
      "l": 2.2153895083914797e-08,
      "nfin": 10.0
    },
    "MM6": {
      "l": 2.5693761996276048e-08,
      "nfin": 8.0
    },
    "MM5": {
      "l": 2.5693761996276048e-08,
      "nfin": 8.0
    },
    "MM1": {
      "l": 2.2360518166472305e-08,
      "nfin": 11.0
    },
    "MM2": {
      "l": 2.2360518166472305e-08,
      "nfin": 11.0
    }
  },
  "bias": {
    "vbiasn0": 0.17297706845568125
  },
  "env": {
    "vdd": 1.0,
    "vcm": 0.5,
    "tempc": 27.0,
    "fet_num": 7
  }
}