{
  "topology_id": 2,
  "netlist": "single_ended2",
  "simulation_id": 2,
  "specs": {
    "gain": 11.575188621994231,
    "funity": 1.0,
    "pm": -180,
    "power": 4.0824430238649057e-05,
    "vos": -0.007144402962422984,
    "cmrr": 213.19947797092854,
    "linearity": [
      -0.0002501250625313034,
      0.001250625312656295
    ],
    "output_voltage_swing": [
      0.753621439711704,
      0.30348497373182476
    ],
    "integrated_noise": 1.6424020212971736e-06,
    "slew_rate": 4958.941137478037,
    "settle_time": 0.305026600532031,
    "valid": false
  }
}