{
  "topology_id": 2,
  "netlist": "single_ended2",
  "simulation_id": 7,
  "specs": {
    "gain": 114.2803359133574,
    "funity": 55911362.57195828,
    "pm": -134.24057503944692,
    "power": 7.870183282883993e-09,
    "vos": 0.002663002095215179,
    "cmrr": 4045.781104243479,
    "linearity": [
      -0.0002501250625313034,
      0.001250625312656295
    ],
    "output_voltage_swing": [
      0.5528359031911311,
      0.41374755630593973
    ],
    "integrated_noise": 0.0003310550311919164,
    "slew_rate": 4805.6249452843185,
    "settle_time": 0.3090266805336199,
    "valid": true
  }
}