{
  "topology_id": 2,
  "netlist": "single_ended2",
  "simulation_id": 0,
  "specs": {
    "gain": 28.171496179760467,
    "funity": 928406989.3799235,
    "pm": -111.17555181823627,
    "power": 1.5825428788058812e-07,
    "vos": 0.003911313093425946,
    "cmrr": 1035.4556499519963,
    "linearity": [
      -0.0007503751875938547,
      0.001250625312656295
    ],
    "output_voltage_swing": [
      0.5671007159666653,
      0.39276177663656753
    ],
    "integrated_noise": 0.00023930712379650342,
    "slew_rate": 4871.601119311011,
    "settle_time": 0.305026600532031,
    "valid": true
  }
}