{
  "topology_id": 2,
  "netlist": "single_ended2",
  "simulation_id": 9,
  "specs": {
    "gain": 9.64791577073267,
    "funity": 611089.3957793969,
    "pm": -109.44080175915701,
    "power": 1.7532530590390526e-10,
    "vos": 0.03392411640995338,
    "cmrr": 3340.404085191808,
    "linearity": [
      -0.002251125562781453,
      0.004752376188093987
    ],
    "output_voltage_swing": [
      0.9027136227709025,
      0.4721498864500976
    ],
    "integrated_noise": 8.66893441353916e-07,
    "slew_rate": 4791.489207599004,
    "settle_time": 0.3090266805336199,
    "valid": true
  }
}