{
  "topology_id": 2,
  "netlist": "single_ended2",
  "simulation_id": 3,
  "specs": {
    "gain": 24.86539812414154,
    "funity": 59408741833.75598,
    "pm": -135.19178405148898,
    "power": 1.0846970956200511e-05,
    "vos": 0.002919943106550574,
    "cmrr": 1574.9664108481181,
    "linearity": [
      -0.003751875937968996,
      0.0022511255627813975
    ],
    "output_voltage_swing": [
      0.6932389025238315,
      0.33767588459431275
    ],
    "integrated_noise": 7.880801074740356e-06,
    "slew_rate": 4942.917914702165,
    "settle_time": 0.31702684053682617,
    "valid": true
  }
}