{
  "topology_id": 2,
  "netlist": "single_ended2",
  "simulation_id": 8,
  "specs": {
    "gain": 74.19255752380924,
    "funity": 66970052792.357124,
    "pm": -127.11099620802639,
    "power": 1.1003822942976582e-05,
    "vos": -7.904860271430015e-05,
    "cmrr": 129.8981960683015,
    "linearity": [
      -0.0002501250625313034,
      0.0007503751875937992
    ],
    "output_voltage_swing": [
      0.86620339786679,
      0.3580763806324399
    ],
    "integrated_noise": 0.0003830910610020113,
    "slew_rate": 6317.738831169255,
    "settle_time": 0.31302676053522305,
    "valid": true
  }
}