{
  "topology_id": 2,
  "netlist": "single_ended2",
  "simulation_id": 1,
  "specs": {
    "gain": 3.821735449115278,
    "funity": 9206.228745226676,
    "pm": -89.03388528505212,
    "power": 4.958662402635879e-12,
    "vos": 0.19394715146349636,
    "cmrr": 82.37816379723849,
    "linearity": [
      -0.0012506253126563505,
      0.0017508754377187907
    ],
    "output_voltage_swing": [
      0.5010551660633984,
      0.4987990016781048
    ],
    "integrated_noise": 2.8043106206554946e-08,
    "slew_rate": 4833.351577997989,
    "settle_time": 0.305026600532031,
    "valid": true
  }
}