{
  "topology_id": 2,
  "netlist": "single_ended2",
  "simulation_id": 6,
  "specs": {
    "gain": 23.750862477219872,
    "funity": 1.0,
    "pm": -180,
    "power": 6.005485806177294e-05,
    "vos": -0.003769429967247606,
    "cmrr": 5.080493927601317,
    "linearity": [
      -0.0012506253126563505,
      0.0027513756878438933
    ],
    "output_voltage_swing": [
      0.5884702214525618,
      0.3653148188633961
    ],
    "integrated_noise": 4.420336966868848e-06,
    "slew_rate": 6172.622088534978,
    "settle_time": 0.3090266805336199,
    "valid": false
  }
}