{
  "topology_id": 2,
  "netlist": "single_ended2",
  "simulation_id": 5,
  "specs": {
    "gain": 32.7666815992843,
    "funity": 1.0,
    "pm": -180,
    "power": 4.508529192040732e-05,
    "vos": 0.0015041037353107477,
    "cmrr": 152.32633872682,
    "linearity": [
      -0.0007503751875938547,
      0.003751875937968996
    ],
    "output_voltage_swing": [
      0.6106499588996819,
      0.3260721704814109
    ],
    "integrated_noise": 6.510723030773164e-06,
    "slew_rate": 5034.861255770298,
    "settle_time": 0.31702684053682617,
    "valid": false
  }
}