{
  "topology_id": 2,
  "netlist": "single_ended2",
  "simulation_id": 4,
  "specs": {
    "gain": 0.0026512050276587024,
    "funity": 1.0,
    "pm": -180,
    "power": 5.942168005412152e-07,
    "vos": -0.27803131740013554,
    "cmrr": 1.006452479819751,
    "linearity": null,
    "output_voltage_swing": [
      0.6741475038714796,
      0.25764667105382333
    ],
    "integrated_noise": 3.108033897769526e-07,
    "slew_rate": 4801.647345706539,
    "settle_time": 0.3090266805336199,
    "valid": false
  }
}