{
  "topology_id": 1,
  "netlist": "single_ended1",
  "simulation_id": 4,
  "specs": {
    "gain": 25.335210226435542,
    "ugbw": 1401914059.2977686,
    "pm": -99.15606393029623,
    "power": 5.698689793208992e-07,
    "vos": 0.006010228911440387,
    "cmrr": 766.5281234495221,
    "linearity": [
      -0.002251125562781453,
      0.004252126063031492
    ],
    "output_voltage_swing": [
      0.7305251688822825,
      0.4360290118324968
    ],
    "integrated_noise": 1.9015776213416778e-05,
    "slew_rate": 4781.505132690112,
    "settle_time": 0.305026600532031,
    "valid": true
  }
}