{
  "topology_id": 1,
  "netlist": "single_ended1",
  "simulation_id": 2,
  "specs": {
    "gain": 12.663242252513035,
    "ugbw": 1.0,
    "pm": -180,
    "power": 5.205121336181052e-05,
    "vos": -0.007729674347361721,
    "cmrr": 194.92262839783572,
    "linearity": [
      -0.002251125562781453,
      0.0027513756878438933
    ],
    "output_voltage_swing": [
      0.6794432670541845,
      0.28953318535927347
    ],
    "integrated_noise": 1.5042646393797216e-06,
    "slew_rate": 4919.058445377062,
    "settle_time": 0.305026600532031,
    "valid": false
  }
}