{
  "topology_id": 1,
  "netlist": "single_ended1",
  "simulation_id": 5,
  "specs": {
    "gain": 16.886974844552984,
    "funity": 1.0,
    "pm": -180,
    "power": 4.225434045951162e-05,
    "vos": 0.002827715665516162,
    "cmrr": 87.62897454326158,
    "linearity": [
      -0.0002501250625313034,
      0.0007503751875937992
    ],
    "output_voltage_swing": [
      0.5219176449065633,
      0.4312788421305384
    ],
    "integrated_noise": 1.6282812043626247e-06,
    "slew_rate": 4998.312320160348,
    "settle_time": 0.31702684053682617,
    "valid": false
  }
}