{
  "topology_id": 1,
  "netlist": "single_ended1",
  "simulation_id": 6,
  "specs": {
    "gain": 56.16625283406503,
    "funity": 1.0,
    "pm": -180,
    "power": 6.141383196327424e-05,
    "vos": -0.00010375028265321805,
    "cmrr": 139.24037793960116,
    "linearity": [
      -0.0002501250625313034,
      0.001250625312656295
    ],
    "output_voltage_swing": [
      0.544922121023954,
      0.3338598505321483
    ],
    "integrated_noise": 1.405988949990973e-05,
    "slew_rate": 6256.155564792259,
    "settle_time": 0.31302676053522305,
    "valid": false
  }
}