{
  "topology_id": 1,
  "netlist": "single_ended1",
  "simulation_id": 14,
  "specs": {
    "gain": 41.843190098345836,
    "ugbw": 19621038519.778824,
    "pm": -90.24996113530648,
    "power": 8.339429610947033e-06,
    "vos": 0.001323529585968718,
    "cmrr": 125.74446427455854,
    "linearity": [
      -0.0012506253126563505,
      0.0017508754377187907
    ],
    "output_voltage_swing": [
      0.6767854428425739,
      0.42673228294728655
    ],
    "integrated_noise": 0.00013899022363154077,
    "slew_rate": 5701.498630408231,
    "settle_time": 0.3610277205544321,
    "valid": true
  }
}