{
  "topology_id": 1,
  "netlist": "single_ended1",
  "simulation_id": 1,
  "specs": {
    "gain": 5.219953241871273,
    "funity": 12946.407262852725,
    "pm": -88.34565309413347,
    "power": 4.808495302553817e-12,
    "vos": 0.07215638328180016,
    "cmrr": 89.36891908880979,
    "linearity": [
      -0.0017508754377189018,
      0.0022511255627813975
    ],
    "output_voltage_swing": [
      0.5046873231100649,
      0.4965415071672263
    ],
    "integrated_noise": 2.7343541563605873e-07,
    "slew_rate": 4802.171762137449,
    "settle_time": 0.305026600532031,
    "valid": true
  }
}