{
  "topology_id": 1,
  "netlist": "single_ended1",
  "simulation_id": 11,
  "specs": {
    "gain": 30.26731765756916,
    "funity": 458234.55403082253,
    "pm": -94.50981856108695,
    "power": 9.146977299361258e-11,
    "vos": 0.009567554550695453,
    "cmrr": 4700.269760429934,
    "linearity": [
      -0.0002501250625313034,
      0.0007503751875937992
    ],
    "output_voltage_swing": [
      0.5525401985384906,
      0.42996559443821125
    ],
    "integrated_noise": 5.688123701125827e-06,
    "slew_rate": 4837.132492520444,
    "settle_time": 0.305026600532031,
    "valid": true
  }
}