{
  "topology_id": 1,
  "netlist": "single_ended1",
  "simulation_id": 8,
  "specs": {
    "gain": 49.46237001330283,
    "ugbw": 48597289203.34072,
    "pm": -93.62058926857344,
    "power": 1.4109692864987989e-05,
    "vos": 0.00013166513941417716,
    "cmrr": 117.87168090572747,
    "linearity": [
      -0.002751375687843949,
      0.0007503751875937992
    ],
    "output_voltage_swing": [
      0.7071758672155143,
      0.4541945931234383
    ],
    "integrated_noise": 9.908116765937827e-05,
    "slew_rate": 6559.623172854993,
    "settle_time": 0.3210269205384293,
    "valid": true
  }
}