{
  "topology_id": 1,
  "netlist": "single_ended1",
  "simulation_id": 7,
  "specs": {
    "gain": 16.741543705584295,
    "ugbw": 6943700.364592561,
    "pm": -94.85724042796687,
    "power": 2.623697865717545e-09,
    "vos": 0.017154809582080873,
    "cmrr": 687.4822105910393,
    "linearity": [
      -0.002251125562781453,
      0.0027513756878438933
    ],
    "output_voltage_swing": [
      0.8942408983215587,
      0.44897921031604177
    ],
    "integrated_noise": 1.050182729265382e-05,
    "slew_rate": 4738.701396063243,
    "settle_time": 0.305026600532031,
    "valid": true
  }
}