{
  "topology_id": 1,
  "netlist": "single_ended1",
  "simulation_id": 9,
  "specs": {
    "gain": 10.469857612471893,
    "funity": 682665.1310910987,
    "pm": -101.29149316873276,
    "power": 1.9452182638427195e-10,
    "vos": 0.03091371535014175,
    "cmrr": 3213.710724174366,
    "linearity": [
      -0.002251125562781453,
      0.003251625812906389
    ],
    "output_voltage_swing": [
      0.9139225516512236,
      0.4696370864189506
    ],
    "integrated_noise": 2.1517977471603538e-06,
    "slew_rate": 4789.5655732915775,
    "settle_time": 0.3090266805336199,
    "valid": true
  }
}