{
  "topology_id": 1,
  "netlist": "single_ended1",
  "simulation_id": 0,
  "specs": {
    "gain": 28.650118354856424,
    "funity": 660802221.8888322,
    "pm": -96.90825688613904,
    "power": 1.3657816997071347e-07,
    "vos": 0.004754728662447128,
    "cmrr": 960.9146899796754,
    "linearity": [
      -0.0017508754377189018,
      0.006253126563281586
    ],
    "output_voltage_swing": [
      0.8006522873428912,
      0.24938145399384948
    ],
    "integrated_noise": 0.00014535975383323204,
    "slew_rate": 4880.5115876608215,
    "settle_time": 0.305026600532031,
    "valid": true
  }
}