{
  "topology_id": 1,
  "netlist": "single_ended1",
  "simulation_id": 0,
  "specs": {
    "gain": 27.883975499669976,
    "funity": 624046719.3976444,
    "pm": -97.44789119592133,
    "power": 1.2091394468315415e-07,
    "vos": 0.003221596493506115,
    "cmrr": 899.2587436558846,
    "linearity": [
      -0.002251125562781453,
      0.005252626313156594
    ],
    "output_voltage_swing": [
      0.7004917781848148,
      0.21124046070715252
    ],
    "integrated_noise": 0.00015252741434118372,
    "slew_rate": 4402.0990457845255,
    "settle_time": 0.305026600532031,
    "valid": true
  }
}