{
  "topology_id": 1,
  "netlist": "single_ended1",
  "simulation_id": 13,
  "specs": {
    "gain": 18.192883300697755,
    "funity": 1.0,
    "pm": -180,
    "power": 3.939694699203034e-05,
    "vos": -0.004599471451888471,
    "cmrr": 46.19846279878546,
    "linearity": [
      -0.004252126063031547,
      0.0022511255627813975
    ],
    "output_voltage_swing": [
      0.7969361210772892,
      0.19834095648049252
    ],
    "integrated_noise": 5.62827815683714e-06,
    "slew_rate": 5124.974961495327,
    "settle_time": 0.305026600532031,
    "valid": false
  }
}