{
  "topology_id": 1,
  "netlist": "single_ended1",
  "simulation_id": 3,
  "specs": {
    "gain": 17.774921337548825,
    "ugbw": 50114934755.746315,
    "pm": -114.77455785033408,
    "power": 1.2391131110701906e-05,
    "vos": 0.0035940755471568627,
    "cmrr": 1127.8021884764923,
    "linearity": [
      -0.0012506253126563505,
      0.001250625312656295
    ],
    "output_voltage_swing": [
      0.5127797305556028,
      0.2355859691312025
    ],
    "integrated_noise": 3.53457865957764e-06,
    "slew_rate": 4984.526492382961,
    "settle_time": 0.3250270005400182,
    "valid": true
  }
}