{
  "topology_id": 1,
  "netlist": "single_ended1",
  "simulation_id": 15,
  "specs": {
    "gain": 6.632698770205694,
    "funity": 13784.858031448231,
    "pm": -85.59094369417346,
    "power": 5.740911030798794e-12,
    "vos": 0.047210473659398774,
    "cmrr": 124.2505185853983,
    "linearity": [
      -0.0007503751875938547,
      0.0017508754377187907
    ],
    "output_voltage_swing": [
      0.5190404908385406,
      0.48518742402146964
    ],
    "integrated_noise": 6.342520437919044e-07,
    "slew_rate": 4831.655615427212,
    "settle_time": 0.305026600532031,
    "valid": true
  }
}