{
  "topology_id": 1,
  "netlist": "single_ended1",
  "simulation_id": 12,
  "specs": {
    "gain": 13.409232156025622,
    "ugbw": 92072017651.52316,
    "pm": -100.58612533254029,
    "power": 3.492251168052968e-05,
    "vos": 0.004172471933662537,
    "cmrr": 85.57557084479406,
    "linearity": [
      -0.0017508754377189018,
      0.001250625312656295
    ],
    "output_voltage_swing": [
      0.5332104942675047,
      0.48379975549647625
    ],
    "integrated_noise": 1.435150013065231e-06,
    "slew_rate": 4915.933706343972,
    "settle_time": 0.3250270005400182,
    "valid": true
  }
}