{
  "topology_id": 1,
  "netlist": "single_ended1",
  "simulation_id": 1,
  "specs": {
    "gain": 5.142167858590457,
    "funity": 12233.127692890408,
    "pm": -88.38318769870045,
    "power": 4.3235305873967565e-12,
    "vos": 0.06258559246989868,
    "cmrr": 83.16701257689174,
    "linearity": [
      -0.0017508754377189018,
      0.0022511255627813975
    ],
    "output_voltage_swing": [
      0.45393283783575966,
      0.4448546375328473
    ],
    "integrated_noise": 2.510836192207758e-07,
    "slew_rate": 4347.508606900783,
    "settle_time": 0.305026600532031,
    "valid": true
  }
}