{
  "topology_id": 3,
  "netlist": "differential1",
  "simulation_id": 0,
  "specs": {
    "gain": 8.554566608810064e-10,
    "funity": 1.0,
    "pm": -180,
    "power": 1.2180316282847479e-08,
    "vos": -100.0,
    "cmrr": 2.0,
    "linearity": null,
    "output_voltage_swing": [
      0.9999988157549616,
      0.9999988157087673
    ],
    "integrated_noise": 5.8971653533233664e-09,
    "slew_rate": 8219.716143891803,
    "settle_time": null,
    "valid": false
  }
}