{
  "topology_id": 1,
  "netlist": "differential1",
  "simulation_id": 1,
  "specs": {
    "gain": 6.240553468072181e-10,
    "funity": 1.0,
    "pm": -180,
    "power": 2.8884254563465266e-09,
    "vos": -100.0,
    "cmrr": 2.0000000000000004,
    "linearity": null,
    "output_voltage_swing": [
      0.9999994874010388,
      0.9999994870890109
    ],
    "integrated_noise": 3.280018439667322e-09,
    "slew_rate": 8547.19680183365,
    "settle_time": null,
    "valid": false
  }
}